,companyName,securityName,website,name,nickname
A,"Agilent Technologies, Inc.","Agilent Technologies, Inc.",agilent,Agilent Technologies,Agilent
AAL,"American Airlines Group, Inc.","American Airlines Group, Inc.",aa,American Airlines Group,American Airlines
AAP,"Advance Auto Parts, Inc.","Advance Auto Parts, Inc.",advanceautoparts,Advance Auto Parts,Advance
AAPL,"Apple, Inc.",Apple Inc.,apple,Apple,Apple
ABBV,"AbbVie, Inc.","AbbVie, Inc.",abbvie,AbbVie,AbbVie
ABC,AmerisourceBergen Corp.,AmerisourceBergen Corporation,amerisourcebergen,AmerisourceBergen,AmerisourceBergen
ABMD,"ABIOMED, Inc.","ABIOMED, Inc.",abiomed,ABIOMED,ABIOMED
ABT,Abbott Laboratories,Abbott Laboratories,abbott,Abbott Laboratories,Abbott
ACN,Accenture Plc,Accenture Plc Class A,accenture,Accenture,Accenture
ADBE,"Adobe, Inc.",Adobe Inc.,adobe,Adobe,Adobe
ADI,"Analog Devices, Inc.","Analog Devices, Inc.",analog,Analog Devices,Analog
ADM,Archer-Daniels-Midland Co.,Archer-Daniels-Midland Company,adm,Archer-Daniels-Midland,Archer-Daniels-Midland
ADP,"Automatic Data Processing, Inc.","Automatic Data Processing, Inc.",adp,Automatic Data Processing,Automatic
ADS,Alliance Data Systems Corp.,Alliance Data Systems Corporation,alliancedata,Alliance Data Systems,Alliance
ADSK,"Autodesk, Inc.","Autodesk, Inc.",autodesk,Autodesk,Autodesk
AEE,Ameren Corp.,Ameren Corporation,ameren,Ameren,Ameren
AEP,"American Electric Power Co., Inc.","American Electric Power Company, Inc.",aep,American Electric Power,American Electric
AES,The AES Corp.,AES Corporation,aes,AES,AES
AFL,"Aflac, Inc.",Aflac Incorporated,aflac,Aflac,Aflac
AGN,Allergan Plc,Allergan plc,allergan,Allergan,Allergan
AIG,"American International Group, Inc.","American International Group, Inc.",aig,American International Group,American International
AIV,Apartment Investment & Management Co.,Apartment Investment and Management Company Class A,aimco,Apartment Investment & Management,Apartment
AIZ,"Assurant, Inc.","Assurant, Inc.",assurant,Assurant,Assurant
AJG,Arthur J. Gallagher & Co.,Arthur J. Gallagher & Co.,ajg,Arthur J. Gallagher,Arthur
AKAM,"Akamai Technologies, Inc.","Akamai Technologies, Inc.",akamai,Akamai Technologies,Akamai
ALB,Albemarle Corp.,Albemarle Corporation,albemarle,Albemarle,Albemarle
ALGN,"Align Technology, Inc.","Align Technology, Inc.",aligntech,Align Technology,Align
ALK,"Alaska Air Group, Inc.","Alaska Air Group, Inc.",alaskaair,Alaska Air Group,Alaska
ALL,The Allstate Corp.,Allstate Corporation,allstate,Allstate,Allstate
ALLE,Allegion Plc,Allegion PLC,allegion,Allegion,Allegion
ALXN,"Alexion Pharmaceuticals, Inc.","Alexion Pharmaceuticals, Inc.",alexion,Alexion Pharmaceuticals,Alexion
AMAT,"Applied Materials, Inc.","Applied Materials, Inc.",appliedmaterials,Applied Materials,Applied
AMCR,Amcor Plc,Amcor PLC,amcor,Amcor,Amcor
AMD,"Advanced Micro Devices, Inc.","Advanced Micro Devices, Inc.",amd,Advanced Micro Devices,Advanced
AME,"AMETEK, Inc.","AMETEK, Inc.",ametek,AMETEK,AMETEK
AMG,"Affiliated Managers Group, Inc.","Affiliated Managers Group, Inc.",amg,Affiliated Managers Group,Affiliated
AMGN,"Amgen, Inc.",Amgen Inc.,amgen,Amgen,Amgen
AMP,"Ameriprise Financial, Inc.","Ameriprise Financial, Inc.",ameriprise,Ameriprise Financial,Ameriprise
AMT,American Tower Corp.,American Tower Corporation,americantower,American Tower,American Tower
AMZN,"Amazon.com, Inc.","Amazon.com, Inc.",amazon,Amazon.com,Amazon.com
ANET,"Arista Networks, Inc.","Arista Networks, Inc.",arista,Arista Networks,Arista
ANSS,"ANSYS, Inc.","ANSYS, Inc.",ansys,ANSYS,ANSYS
ANTM,"Anthem, Inc.","Anthem, Inc.",antheminc,Anthem,Anthem
AON,Aon Plc,Aon plc,co,Aon,Aon
AOS,A. O. Smith Corp.,A. O. Smith Corporation,aosmith,A. O. Smith,A.
APA,Apache Corp.,Apache Corporation,apachecorp,Apache,Apache
APD,"Air Products & Chemicals, Inc.","Air Products and Chemicals, Inc.",airproducts,Air Products & Chemicals,Air
APH,Amphenol Corp.,Amphenol Corporation Class A,amphenol,Amphenol,Amphenol
APTV,Aptiv Plc,Aptiv PLC,aptiv,Aptiv,Aptiv
ARE,"Alexandria Real Estate Equities, Inc.","Alexandria Real Estate Equities, Inc.",are,Alexandria Real Estate Equities,Alexandria
ARNC,"Arconic, Inc.","Arconic, Inc.",arconic,Arconic,Arconic
ATO,Atmos Energy Corp.,Atmos Energy Corporation,atmosenergy,Atmos Energy,Atmos
ATVI,"Activision Blizzard, Inc.","Activision Blizzard, Inc.",activisionblizzard,Activision Blizzard,Activision
AVB,"AvalonBay Communities, Inc.","AvalonBay Communities, Inc.",avaloncommunities,AvalonBay Communities,AvalonBay
AVGO,"Broadcom, Inc.",Broadcom Inc.,broadcom,Broadcom,Broadcom
AVY,Avery Dennison Corp.,Avery Dennison Corporation,averydennison,Avery Dennison,Avery
AWK,"American Water Works Co., Inc.","American Water Works Company, Inc.",amwater,American Water Works,American Water
AXP,American Express Co.,American Express Company,americanexpress,American Express,American Express
AZO,"AutoZone, Inc.","AutoZone, Inc.",autozone,AutoZone,AutoZone
BA,The Boeing Co.,Boeing Company,boeing,Boeing,Boeing
BAC,Bank of America Corp.,Bank of America Corp,bankofamerica,Bank of America,Bank
BAX,"Baxter International, Inc.",Baxter International Inc.,baxter,Baxter International,Baxter
BBT,BB&T Corp.,BB&T Corporation,bbt,BB&T,BB&T
BBY,"Best Buy Co., Inc.","Best Buy Co., Inc.",bestbuy,Best Buy,Best
BDX,"Becton, Dickinson & Co.","Becton, Dickinson and Company",bd,"Becton, Dickinson","Becton,"
BEN,"Franklin Resources, Inc.","Franklin Resources, Inc.",franklinresources,Franklin Resources,Franklin
BF.B,Brown-Forman Corp.,Brown-Forman Corporation Class B,brown-forman,Brown-Forman,Brown-Forman
BHGE,"Baker Hughes, a GE Co.","Baker Hughes, a GE Company Class A",bhge,"Baker Hughes, a GE",Baker
BIIB,"Biogen, Inc.",Biogen Inc.,biogen,Biogen,Biogen
BK,The Bank of New York Mellon Corp.,Bank of New York Mellon Corporation,bnymellon,Bank of New York Mellon,Bank
BKNG,"Booking Holdings, Inc.",Booking Holdings Inc.,bookingholdings,Booking Holdings,Booking
BLK,"BlackRock, Inc.","BlackRock, Inc.",blackrock,BlackRock,BlackRock
BLL,Ball Corp.,Ball Corporation,ball,Ball,Ball
BMY,Bristol-Myers Squibb Co.,Bristol-Myers Squibb Company,bms,Bristol-Myers Squibb,Bristol-Myers
BR,"Broadridge Financial Solutions, Inc.","Broadridge Financial Solutions, Inc.",broadridge,Broadridge Financial Solutions,Broadridge
BRK.B,"Berkshire Hathaway, Inc.",Berkshire Hathaway Inc. Class B,berkshirehathaway,Berkshire Hathaway,Berkshire
BSX,Boston Scientific Corp.,Boston Scientific Corporation,bostonscientific,Boston Scientific,Boston
BWA,"BorgWarner, Inc.",BorgWarner Inc.,borgwarner,BorgWarner,BorgWarner
BXP,"Boston Properties, Inc.","Boston Properties, Inc.",bostonproperties,Boston Properties,Boston
C,"Citigroup, Inc.",Citigroup Inc.,citigroup,Citigroup,Citigroup
CAG,"Conagra Brands, Inc.","Conagra Brands, Inc.",conagrabrands,Conagra Brands,Conagra
CAH,"Cardinal Health, Inc.","Cardinal Health, Inc.",cardinalhealth,Cardinal Health,Cardinal
CAT,"Caterpillar, Inc.",Caterpillar Inc.,caterpillar,Caterpillar,Caterpillar
CB,Chubb Ltd.,Chubb Limited,chubb,Chubb,Chubb
CBOE,"Cboe Global Markets, Inc.",Cboe Global Markets Inc,cboe,Cboe Global Markets,Cboe
CBRE,"CBRE Group, Inc.","CBRE Group, Inc. Class A",cbre,CBRE Group,CBRE
CBS,CBS Corp.,CBS Corporation Class B,cbscorporation,CBS,CBS
CCI,Crown Castle International Corp.,Crown Castle International Corp,crowncastle,Crown Castle International,Crown
CCL,Carnival Corp.,Carnival Corporation,carnivalcorp,Carnival,Carnival
CDNS,"Cadence Design Systems, Inc.","Cadence Design Systems, Inc.",cadence,Cadence Design Systems,Cadence
CE,Celanese Corp.,Celanese Corporation,celanese,Celanese,Celanese
CELG,Celgene Corp.,Celgene Corporation,celgene,Celgene,Celgene
CERN,Cerner Corp.,Cerner Corporation,cerner,Cerner,Cerner
CF,"CF Industries Holdings, Inc.","CF Industries Holdings, Inc.",cfindustries,CF Industries Holdings,CF
CFG,"Citizens Financial Group, Inc. (Rhode Island)","Citizens Financial Group, Inc.",citizensbank,Citizens Financial Group,Citizens
CHD,"Church & Dwight Co., Inc.","Church & Dwight Co., Inc.",churchdwight,Church & Dwight,Church
CHRW,"C.H. Robinson Worldwide, Inc.","C.H. Robinson Worldwide, Inc.",chrobinson,C.H. Robinson Worldwide,C.H.
CHTR,"Charter Communications, Inc.","Charter Communications, Inc. Class A",charter,Charter Communications,Charter
CI,Cigna Corp.,Cigna Corporation,cigna,Cigna,Cigna
CINF,Cincinnati Financial Corp.,Cincinnati Financial Corporation,cinfin,Cincinnati Financial,Cincinnati
CL,Colgate-Palmolive Co.,Colgate-Palmolive Company,colgate,Colgate-Palmolive,Colgate-Palmolive
CLX,The Clorox Co.,Clorox Company,thecloroxcompany,Clorox,Clorox
CMA,"Comerica, Inc.",Comerica Incorporated,comerica,Comerica,Comerica
CMCSA,Comcast Corp.,Comcast Corporation Class A,comcast,Comcast,Comcast
CME,"CME Group, Inc.",CME Group Inc. Class A,cmegroup,CME Group,CME
CMG,"Chipotle Mexican Grill, Inc.","Chipotle Mexican Grill, Inc.",chipotle,Chipotle Mexican Grill,Chipotle
CMI,"Cummins, Inc.",Cummins Inc.,cummins,Cummins,Cummins
CMS,CMS Energy Corp.,CMS Energy Corporation,cmsenergy,CMS Energy,CMS
CNC,Centene Corp.,Centene Corporation,centene,Centene,Centene
CNP,"CenterPoint Energy, Inc.","CenterPoint Energy, Inc.",centerpointenergy,CenterPoint Energy,CenterPoint
COF,Capital One Financial Corp.,Capital One Financial Corporation,capitalone,Capital One Financial,Capital
COG,Cabot Oil & Gas Corp.,Cabot Oil & Gas Corporation,cabotog,Cabot Oil & Gas,Cabot
COO,"The Cooper Cos., Inc.","Cooper Companies, Inc.",coopercos,Cooper Cos.,Cooper
COP,ConocoPhillips,ConocoPhillips,conocophillips,ConocoPhillips,ConocoPhillips
COST,Costco Wholesale Corp.,Costco Wholesale Corporation,costco,Costco Wholesale,Costco
COTY,"Coty, Inc.",Coty Inc. Class A,coty,Coty,Coty
CPB,Campbell Soup Co.,Campbell Soup Company,campbellsoupcompany,Campbell Soup,Campbell
CPRI,Capri Holdings Ltd.,Capri Holdings Limited,com,Capri Holdings,Capri
CPRT,"Copart, Inc.","Copart, Inc.",copart,Copart,Copart
CRM,"salesforce.com, inc.","salesforce.com, inc.",salesforce,"salesforce.com, inc.","salesforce.com,"
CSCO,"Cisco Systems, Inc.","Cisco Systems, Inc.",cisco,Cisco Systems,Cisco
CSX,CSX Corp.,CSX Corporation,csx,CSX,CSX
CTAS,Cintas Corp.,Cintas Corporation,cintas,Cintas,Cintas
CTL,"CenturyLink, Inc.","CenturyLink, Inc.",centurylink,CenturyLink,CenturyLink
CTSH,Cognizant Technology Solutions Corp.,Cognizant Technology Solutions Corporation Class A,cognizant,Cognizant Technology Solutions,Cognizant
CTVA,"Corteva, Inc.",Corteva Inc,corteva,Corteva,Corteva
CTXS,"Citrix Systems, Inc.","Citrix Systems, Inc.",citrix,Citrix Systems,Citrix
CVS,CVS Health Corp.,CVS Health Corporation,cvshealth,CVS Health,CVS
CVX,Chevron Corp.,Chevron Corporation,chevron,Chevron,Chevron
CXO,"Concho Resources, Inc.",Concho Resources Inc.,concho,Concho Resources,Concho
D,"Dominion Energy, Inc.",Dominion Energy Inc,dominionenergy,Dominion Energy,Dominion
DAL,"Delta Air Lines, Inc.","Delta Air Lines, Inc.",delta,Delta Air Lines,Delta
DD,"DuPont de Nemours, Inc.","DuPont de Nemours, Inc.",dupont,DuPont de Nemours,DuPont
DE,Deere & Co.,Deere & Company,deere,Deere,Deere
DFS,Discover Financial Services,Discover Financial Services,discoverfinancial,Discover Financial Services,Discover
DG,Dollar General Corp.,Dollar General Corporation,dollargeneral,Dollar General,Dollar General
DGX,"Quest Diagnostics, Inc.",Quest Diagnostics Incorporated,questdiagnostics,Quest Diagnostics,Quest
DHI,"D.R. Horton, Inc.","D.R. Horton, Inc.",drhorton,D.R. Horton,D.R.
DHR,Danaher Corp.,Danaher Corporation,danaher,Danaher,Danaher
DIS,The Walt Disney Co.,Walt Disney Company,thewaltdisneycompany,Walt Disney,Walt
DISCA,"Discovery, Inc.","Discovery, Inc. Class A",discovery,Discovery,Discovery
DISCK,"Discovery, Inc.","Discovery, Inc. Class C",discovery,Discovery,Discovery
DISH,DISH Network Corp.,DISH Network Corporation Class A,dish,DISH Network,DISH
DLR,"Digital Realty Trust, Inc.","Digital Realty Trust, Inc.",digitalrealty,Digital Realty Trust,Digital
DLTR,"Dollar Tree, Inc.","Dollar Tree, Inc.",dollartreeinfo,Dollar Tree,Dollar Tree
DOV,Dover Corp.,Dover Corporation,dovercorporation,Dover,Dover
DOW,"Dow, Inc.","Dow, Inc.",dow,Dow,Dow
DRE,Duke Realty Corp.,Duke Realty Corporation,dukerealty,Duke Realty,Duke
DRI,"Darden Restaurants, Inc.","Darden Restaurants, Inc.",darden,Darden Restaurants,Darden
DTE,DTE Energy Co.,DTE Energy Company,dteenergy,DTE Energy,DTE
DUK,Duke Energy Corp.,Duke Energy Corporation,duke-energy,Duke Energy,Duke
DVA,"DaVita, Inc.",DaVita Inc.,davita,DaVita,DaVita
DVN,Devon Energy Corp.,Devon Energy Corporation,devonenergy,Devon Energy,Devon
DXC,DXC Technology Co.,DXC Technology Co.,dxc,DXC Technology,DXC
EA,"Electronic Arts, Inc.",Electronic Arts Inc.,ea,Electronic Arts,Electronic
EBAY,"eBay, Inc.",eBay Inc.,ebayinc,eBay,eBay
ECL,"Ecolab, Inc.",Ecolab Inc.,ecolab,Ecolab,Ecolab
ED,"Consolidated Edison, Inc.","Consolidated Edison, Inc.",conedison,Consolidated Edison,Consolidated
EFX,"Equifax, Inc.",Equifax Inc.,equifax,Equifax,Equifax
EIX,Edison International,Edison International,edison,Edison International,Edison
EL,"The Estée Lauder Companies, Inc.",Estee Lauder Companies Inc. Class A,elcompanies,Estée Lauder Companies,Estée
EMN,Eastman Chemical Co.,Eastman Chemical Company,eastman,Eastman Chemical,Eastman
EMR,Emerson Electric Co.,Emerson Electric Co.,emerson,Emerson Electric,Emerson
EOG,"EOG Resources, Inc.","EOG Resources, Inc.",eogresources,EOG Resources,EOG
EQIX,"Equinix, Inc.","Equinix, Inc.",equinix,Equinix,Equinix
EQR,Equity Residential,Equity Residential,equityapartments,Equity Residential,Equity Residential
ES,Eversource Energy,Eversource Energy,eversource,Eversource Energy,Eversource
ESS,"Essex Property Trust, Inc.","Essex Property Trust, Inc.",essex,Essex Property Trust,Essex
ETFC,E*TRADE Financial Corp.,E*TRADE Financial Corporation,etrade,E*TRADE Financial,E*TRADE
ETN,Eaton Corp. Plc,Eaton Corp. Plc,eaton,Eaton Corp.,Eaton
ETR,Entergy Corp.,Entergy Corporation,entergy,Entergy,Entergy
EVRG,"Evergy, Inc.","Evergy, Inc.",evergyinc,Evergy,Evergy
EW,Edwards Lifesciences Corp.,Edwards Lifesciences Corporation,edwards,Edwards Lifesciences,Edwards
EXC,Exelon Corp.,Exelon Corporation,exeloncorp,Exelon,Exelon
EXPD,"Expeditors International of Washington, Inc.","Expeditors International of Washington, Inc.",expeditors,Expeditors International of Washington,Expeditors
EXPE,"Expedia Group, Inc.","Expedia Group, Inc.",expediagroup,Expedia Group,Expedia
EXR,"Extra Space Storage, Inc.",Extra Space Storage Inc.,extraspace,Extra Space Storage,Extra Space
F,Ford Motor Co.,Ford Motor Company,ford,Ford Motor,Ford
FANG,"Diamondback Energy, Inc.","Diamondback Energy, Inc.",diamondbackenergy,Diamondback Energy,Diamondback
FAST,Fastenal Co.,Fastenal Company,fastenal,Fastenal,Fastenal
FB,"Facebook, Inc.","Facebook, Inc. Class A",facebook,Facebook,Facebook
FBHS,"Fortune Brands Home & Security, Inc.","Fortune Brands Home & Security, Inc.",fbhs,Fortune Brands Home & Security,Fortune
FCX,"Freeport-McMoRan, Inc.","Freeport-McMoRan, Inc.",fcx,Freeport-McMoRan,Freeport-McMoRan
FDX,FedEx Corp.,FedEx Corporation,fedex,FedEx,FedEx
FE,FirstEnergy Corp.,FirstEnergy Corp.,firstenergycorp,FirstEnergy,FirstEnergy
FFIV,"F5 Networks, Inc.","F5 Networks, Inc.",f5,F5 Networks,F5
FIS,"Fidelity National Information Services, Inc.","Fidelity National Information Services, Inc.",fisglobal,Fidelity National Information Services,Fidelity
FISV,"Fiserv, Inc.","Fiserv, Inc.",fiserv,Fiserv,Fiserv
FITB,Fifth Third Bancorp,Fifth Third Bancorp,53,Fifth Third Bancorp,Fifth
FLIR,"FLIR Systems, Inc.","FLIR Systems, Inc.",flir,FLIR Systems,FLIR
FLS,Flowserve Corp.,Flowserve Corporation,flowserve,Flowserve,Flowserve
FLT,"FleetCor Technologies, Inc.","FleetCor Technologies, Inc.",fleetcor,FleetCor Technologies,FleetCor
FMC,FMC Corp.,FMC Corporation,fmc,FMC,FMC
FOX,Fox Corp.,Fox Corporation Class B,foxcorporation,Fox,Fox
FOXA,Fox Corp.,Fox Corporation Class A,foxcorporation,Fox,Fox
FRC,"First Republic Bank (San Francisco, California)",First Republic Bank,firstrepublic,"First Republic Bank (San Francisco, California)",First
FRT,Federal Realty Investment Trust,Federal Realty Investment Trust,federalrealty,Federal Realty Investment Trust,Federal
FTI,TechnipFMC Plc,TechnipFMC Plc,com,TechnipFMC,TechnipFMC
FTNT,"Fortinet, Inc.","Fortinet, Inc.",fortinet,Fortinet,Fortinet
FTV,Fortive Corp.,Fortive Corp.,fortive,Fortive,Fortive
GD,General Dynamics Corp.,General Dynamics Corporation,generaldynamics,General Dynamics,General
GE,General Electric Co.,General Electric Company,ge,General Electric,General
GILD,"Gilead Sciences, Inc.","Gilead Sciences, Inc.",gilead,Gilead Sciences,Gilead
GIS,"General Mills, Inc.","General Mills, Inc.",generalmills,General Mills,General
GL,"Globe Life, Inc.",Globe Life Inc.,torchmarkcorp,Globe Life,Globe
GLW,"Corning, Inc.",Corning Inc,corning,Corning,Corning
GM,General Motors Co.,General Motors Company,gm,General Motors,General
GOOG,"Alphabet, Inc.",Alphabet Inc. Class C,xyz,Alphabet,Alphabet
GOOGL,"Alphabet, Inc.",Alphabet Inc. Class A,xyz,Alphabet,Alphabet
GPC,Genuine Parts Co.,Genuine Parts Company,genpt,Genuine Parts,Genuine
GPN,"Global Payments, Inc.",Global Payments Inc.,globalpaymentsinc,Global Payments,Global
GPS,"Gap, Inc.","Gap, Inc.",gapinc,Gap,Gap
GRMN,Garmin Ltd.,Garmin Ltd.,garmin,Garmin,Garmin
GS,"The Goldman Sachs Group, Inc.","Goldman Sachs Group, Inc.",goldmansachs,Goldman Sachs Group,Goldman
GWW,"W.W. Grainger, Inc.","W.W. Grainger, Inc.",grainger,W.W. Grainger,W.W.
HAL,Halliburton Co.,Halliburton Company,halliburton,Halliburton,Halliburton
HAS,"Hasbro, Inc.","Hasbro, Inc.",hasbro,Hasbro,Hasbro
HBAN,"Huntington Bancshares, Inc.",Huntington Bancshares Incorporated,huntington,Huntington Bancshares,Huntington
HBI,"Hanesbrands, Inc.",Hanesbrands Inc.,hanes,Hanesbrands,Hanesbrands
HCA,"HCA Healthcare, Inc.",HCA Healthcare Inc,hcahealthcare,HCA Healthcare,HCA
HCP,"HCP, Inc.","HCP, Inc.",hcpi,HCP,HCP
HD,"The Home Depot, Inc.","Home Depot, Inc.",homedepot,Home Depot,Home
HES,Hess Corp.,Hess Corporation,hess,Hess,Hess
HFC,HollyFrontier Corp.,HollyFrontier Corporation,hollyfrontier,HollyFrontier,HollyFrontier
HIG,"The Hartford Financial Services Group, Inc.","Hartford Financial Services Group, Inc.",thehartford,Hartford Financial Services Group,Hartford
HII,"Huntington Ingalls Industries, Inc.","Huntington Ingalls Industries, Inc.",huntingtoningalls,Huntington Ingalls Industries,Huntington
HLT,"Hilton Worldwide Holdings, Inc.",Hilton Worldwide Holdings Inc,hiltonworldwide,Hilton Worldwide Holdings,Hilton
HOG,"Harley-Davidson, Inc.","Harley-Davidson, Inc.",harley-davidson,Harley-Davidson,Harley-Davidson
HOLX,"Hologic, Inc.","Hologic, Inc.",hologic,Hologic,Hologic
HON,"Honeywell International, Inc.",Honeywell International Inc.,honeywell,Honeywell International,Honeywell
HP,"Helmerich & Payne, Inc.","Helmerich & Payne, Inc.",hpinc,Helmerich & Payne,Helmerich
HPE,Hewlett-Packard Enterprise Co.,Hewlett Packard Enterprise Co.,hpe,Hewlett-Packard Enterprise,Hewlett-Packard
HPQ,"HP, Inc.",HP Inc.,hp,HP,HP
HRB,"H&R Block, Inc.","H&R Block, Inc.",hrblock,H&R Block,H&R
HRL,Hormel Foods Corp.,Hormel Foods Corporation,hormelfoods,Hormel Foods,Hormel
HSIC,"Henry Schein, Inc.","Henry Schein, Inc.",henryschein,Henry Schein,Henry
HST,"Host Hotels & Resorts, Inc.","Host Hotels & Resorts, Inc.",hosthotels,Host Hotels & Resorts,Host
HSY,The Hershey Co.,Hershey Company,thehersheycompany,Hershey,Hershey
HUM,"Humana, Inc.",Humana Inc.,humana,Humana,Humana
IBM,International Business Machines Corp.,International Business Machines Corporation,ibm,International Business Machines,International
ICE,"Intercontinental Exchange, Inc.","Intercontinental Exchange, Inc.",intercontinentalexchange,Intercontinental Exchange,Intercontinental
IDXX,"IDEXX Laboratories, Inc.","IDEXX Laboratories, Inc.",idexx,IDEXX Laboratories,IDEXX
IEX,IDEX Corp.,IDEX Corporation,idexcorp,IDEX,IDEX
IFF,"International Flavors & Fragrances, Inc.",International Flavors & Fragrances Inc.,iff,International Flavors & Fragrances,International
ILMN,"Illumina, Inc.","Illumina, Inc.",illumina,Illumina,Illumina
INCY,Incyte Corp.,Incyte Corporation,incyte,Incyte,Incyte
INFO,IHS Markit Ltd.,IHS Markit Ltd.,ihsmarkit,IHS Markit,IHS
INTC,Intel Corp.,Intel Corporation,intel,Intel,Intel
INTU,"Intuit, Inc.",Intuit Inc.,intuit,Intuit,Intuit
IP,International Paper Co.,International Paper Company,internationalpaper,International Paper,International
IPG,"Interpublic Group of Cos., Inc.","Interpublic Group of Companies, Inc.",interpublic,Interpublic Group of Cos.,Interpublic
IPGP,IPG Photonics Corp.,IPG Photonics Corporation,ipgphotonics,IPG Photonics,IPG
IQV,"IQVIA Holdings, Inc.",IQVIA Holdings Inc,iqvia,IQVIA Holdings,IQVIA
IR,Ingersoll-Rand Plc,Ingersoll-Rand Plc,ingersoll-rand,Ingersoll-Rand,Ingersoll-Rand
IRM,"Iron Mountain, Inc.","Iron Mountain, Inc.",ironmountain,Iron Mountain,Iron
ISRG,"Intuitive Surgical, Inc.","Intuitive Surgical, Inc.",intuitivesurgical,Intuitive Surgical,Intuitive
IT,"Gartner, Inc.","Gartner, Inc.",gartner,Gartner,Gartner
ITW,"Illinois Tool Works, Inc.",Illinois Tool Works Inc.,itw,Illinois Tool Works,Illinois
IVZ,Invesco Ltd.,Invesco Ltd.,invesco,Invesco,Invesco
JBHT,"J.B. Hunt Transport Services, Inc.","J.B. Hunt Transport Services, Inc.",jbhunt,J.B. Hunt Transport Services,J.B.
JCI,Johnson Controls International Plc,Johnson Controls International plc,johnsoncontrols,Johnson Controls International,Johnson
JEC,"Jacobs Engineering Group, Inc.",Jacobs Engineering Group Inc.,jacobs,Jacobs Engineering Group,Jacobs
JEF,"Jefferies Financial Group, Inc.",Jefferies Financial Group Inc.,jefferies,Jefferies Financial Group,Jefferies
JKHY,"Jack Henry & Associates, Inc.","Jack Henry & Associates, Inc.",jackhenry,Jack Henry & Associates,Jack
JNJ,Johnson & Johnson,Johnson & Johnson,jnj,Johnson & Johnson,Johnson
JNPR,"Juniper Networks, Inc.","Juniper Networks, Inc.",juniper,Juniper Networks,Juniper
JPM,JPMorgan Chase & Co.,JPMorgan Chase & Co.,jpmorganchase,JPMorgan Chase,JPMorgan
JWN,"Nordstrom, Inc.","Nordstrom, Inc.",nordstrom,Nordstrom,Nordstrom
K,Kellogg Co.,Kellogg Company,kelloggcompany,Kellogg,Kellogg
KEY,KeyCorp,KeyCorp,key,KeyCorp,KeyCorp
KEYS,"Keysight Technologies, Inc.",Keysight Technologies Inc,keysight,Keysight Technologies,Keysight
KHC,The Kraft Heinz Co.,Kraft Heinz Company,kraftheinzcompany,Kraft Heinz,Kraft
KIM,Kimco Realty Corp.,Kimco Realty Corporation,kimcorealty,Kimco Realty,Kimco
KLAC,KLA Corp.,KLA Corporation,kla-tencor,KLA,KLA
KMB,Kimberly-Clark Corp.,Kimberly-Clark Corporation,kimberly-clark,Kimberly-Clark,Kimberly-Clark
KMI,"Kinder Morgan, Inc.",Kinder Morgan Inc Class P,kindermorgan,Kinder Morgan,Kinder
KMX,"CarMax, Inc.","CarMax, Inc.",carmax,CarMax,CarMax
KO,The Coca-Cola Co.,Coca-Cola Company,coca-colacompany,Coca-Cola,Coca-Cola
KR,The Kroger Co.,Kroger Co.,kroger,Kroger,Kroger
KSS,Kohl's Corp.,Kohl's Corporation,kohls,Kohl's,Kohl's
KSU,Kansas City Southern,Kansas City Southern,kcsouthern,Kansas City Southern,Kansas
L,Loews Corp.,Loews Corporation,loews,Loews,Loews
LB,"L Brands, Inc.","L Brands, Inc.",lb,L Brands,L
LDOS,"Leidos Holdings, Inc.","Leidos Holdings, Inc.",leidos,Leidos Holdings,Leidos
LEG,"Leggett & Platt, Inc.","Leggett & Platt, Incorporated",leggett,Leggett & Platt,Leggett
LEN,Lennar Corp.,Lennar Corporation Class A,lennar,Lennar,Lennar
LH,Laboratory Corp. of America Holdings,Laboratory Corporation of America Holdings,labcorp,Laboratory Corp. of America,Laboratory
LHX,"L3Harris Technologies, Inc.",L3Harris Technologies Inc,l3harris,L3Harris Technologies,L3Harris
LIN,Linde Plc,Linde plc,lindeplc,Linde,Linde
LKQ,LKQ Corp.,LKQ Corporation,lkqcorp,LKQ,LKQ
LLY,Eli Lilly & Co.,Eli Lilly and Company,lilly,Eli Lilly,Eli
LMT,Lockheed Martin Corp.,Lockheed Martin Corporation,lockheedmartin,Lockheed Martin,Lockheed
LNC,Lincoln National Corp.,Lincoln National Corporation,lfg,Lincoln National,Lincoln
LNT,Alliant Energy Corp.,Alliant Energy Corp,alliantenergy,Alliant Energy,Alliant
LOW,"Lowe's Cos., Inc.","Lowe's Companies, Inc.",lowes,Lowe's Cos.,Lowe's
LRCX,Lam Research Corp.,Lam Research Corporation,lamresearch,Lam Research,Lam
LUV,Southwest Airlines Co.,Southwest Airlines Co.,southwest,Southwest Airlines,Southwest
LW,"Lamb Weston Holdings, Inc.","Lamb Weston Holdings, Inc.",lambweston,Lamb Weston Holdings,Lamb
LYB,LyondellBasell Industries NV,LyondellBasell Industries NV,com,LyondellBasell Industries NV,LyondellBasell
M,"Macy's, Inc.",Macy's Inc,macysinc,Macy's,Macy's
MA,"Mastercard, Inc.",Mastercard Incorporated Class A,mastercard,Mastercard,Mastercard
MAA,"Mid-America Apartment Communities, Inc.","Mid-America Apartment Communities, Inc.",maac,Mid-America Apartment Communities,Mid-America
MAC,Macerich Co.,Macerich Company,macerich,Macerich,Macerich
MAR,"Marriott International, Inc.","Marriott International, Inc. Class A",marriott,Marriott International,Marriott
MAS,Masco Corp.,Masco Corporation,masco,Masco,Masco
MCD,McDonald's Corp.,McDonald's Corporation,mcdonalds,McDonald's,McDonald's
MCHP,"Microchip Technology, Inc.",Microchip Technology Incorporated,microchip,Microchip Technology,Microchip
MCK,McKesson Corp.,McKesson Corporation,mckesson,McKesson,McKesson
MCO,Moody's Corp.,Moody's Corporation,moodys,Moody's,Moody's
MDLZ,"Mondelez International, Inc.","Mondelez International, Inc. Class A",mondelezinternational,Mondelez International,Mondelez
MDT,Medtronic Plc,Medtronic Plc,medtronic,Medtronic,Medtronic
MET,"MetLife, Inc.","MetLife, Inc.",metlife,MetLife,MetLife
MGM,MGM Resorts International,MGM Resorts International,mgmresorts,MGM Resorts International,MGM
MHK,"Mohawk Industries, Inc.","Mohawk Industries, Inc.",mohawkind,Mohawk Industries,Mohawk
MKC,"McCormick & Co., Inc.","McCormick & Company, Incorporated",mccormickcorporation,McCormick,McCormick
MKTX,"MarketAxess Holdings, Inc.",MarketAxess Holdings Inc.,marketaxess,MarketAxess Holdings,MarketAxess
MLM,"Martin Marietta Materials, Inc.","Martin Marietta Materials, Inc.",martinmarietta,Martin Marietta Materials,Martin
MMC,"Marsh & McLennan Cos., Inc.","Marsh & McLennan Companies, Inc.",com,Marsh & McLennan Cos.,Marsh
MMM,3M Co.,3M Company,3m,3M,3M
MNST,Monster Beverage Corp.,Monster Beverage Corporation,monsterbevcorp,Monster Beverage,Monster
MO,"Altria Group, Inc.",Altria Group Inc,altria,Altria Group,Altria
MOS,The Mosaic Co.,Mosaic Company,mosaicco,Mosaic,Mosaic
MPC,Marathon Petroleum Corp.,Marathon Petroleum Corporation,marathonpetroleum,Marathon Petroleum,Marathon
MRK,"Merck & Co., Inc.","Merck & Co., Inc.",merck,Merck,Merck
MRO,Marathon Oil Corp.,Marathon Oil Corporation,marathonoil,Marathon Oil,Marathon
MS,Morgan Stanley,Morgan Stanley,morganstanley,Morgan Stanley,Morgan
MSCI,"MSCI, Inc.",MSCI Inc. Class A,msci,MSCI,MSCI
MSFT,Microsoft Corp.,Microsoft Corporation,microsoft,Microsoft,Microsoft
MSI,"Motorola Solutions, Inc.","Motorola Solutions, Inc.",motorolasolutions,Motorola Solutions,Motorola
MTB,M&T Bank Corp.,M&T Bank Corporation,mtb,M&T Bank,M&T
MTD,"Mettler-Toledo International, Inc.",Mettler-Toledo International Inc.,us,Mettler-Toledo International,Mettler-Toledo
MU,"Micron Technology, Inc.","Micron Technology, Inc.",micron,Micron Technology,Micron
MXIM,"Maxim Integrated Products, Inc.","Maxim Integrated Products, Inc.",maximintegrated,Maxim Integrated Products,Maxim
MYL,Mylan NV,Mylan N.V.,co,Mylan NV,Mylan
NBL,"Noble Energy, Inc.","Noble Energy, Inc.",nblenergy,Noble Energy,Noble
NCLH,Norwegian Cruise Line Holdings Ltd.,Norwegian Cruise Line Holdings Ltd.,ncl,Norwegian Cruise Line Holdings,Norwegian
NDAQ,"Nasdaq, Inc.","Nasdaq, Inc.",nasdaq,Nasdaq,Nasdaq
NEE,"NextEra Energy, Inc.","NextEra Energy, Inc.",nexteraenergy,NextEra Energy,NextEra
NEM,Newmont Goldcorp Corp.,Newmont Goldcorp Corporation,newmont,Newmont Goldcorp,Newmont
NFLX,"Netflix, Inc.","Netflix, Inc.",netflix,Netflix,Netflix
NI,"NiSource, Inc.",NiSource Inc,nisource,NiSource,NiSource
NKE,"NIKE, Inc.","NIKE, Inc. Class B",nike,NIKE,NIKE
NKTR,Nektar Therapeutics,Nektar Therapeutics,nektar,Nektar Therapeutics,Nektar
NLSN,Nielsen Holdings Plc,Nielsen Holdings Plc,com,Nielsen Holdings,Nielsen
NOC,Northrop Grumman Corp.,Northrop Grumman Corporation,northropgrumman,Northrop Grumman,Northrop
NOV,"National Oilwell Varco, Inc.","National Oilwell Varco, Inc.",nov,National Oilwell Varco,National
NRG,"NRG Energy, Inc.","NRG Energy, Inc.",nrg,NRG Energy,NRG
NSC,Norfolk Southern Corp.,Norfolk Southern Corporation,nscorp,Norfolk Southern,Norfolk
NTAP,"NetApp, Inc.","NetApp, Inc.",netapp,NetApp,NetApp
NTRS,Northern Trust Corp.,Northern Trust Corporation,northerntrust,Northern Trust,Northern
NUE,Nucor Corp.,Nucor Corporation,nucor,Nucor,Nucor
NVDA,NVIDIA Corp.,NVIDIA Corporation,nvidia,NVIDIA,NVIDIA
NWL,"Newell Brands, Inc.",Newell Brands Inc,newellbrands,Newell Brands,Newell
NWS,News Corp.,News Corporation Class B,newscorp,News,News
NWSA,News Corp.,News Corporation Class A,newscorp,News,News
O,Realty Income Corp.,Realty Income Corporation,realtyincome,Realty Income,Realty
OKE,"ONEOK, Inc.","ONEOK, Inc.",oneok,ONEOK,ONEOK
OMC,"Omnicom Group, Inc.",Omnicom Group Inc,omnicomgroup,Omnicom Group,Omnicom
ORCL,Oracle Corp.,Oracle Corporation,oracle,Oracle,Oracle
ORLY,"O'Reilly Automotive, Inc.","O'Reilly Automotive, Inc.",oreillyauto,O'Reilly Automotive,O'Reilly
OXY,Occidental Petroleum Corp.,Occidental Petroleum Corporation,oxy,Occidental Petroleum,Occidental
PAYX,"Paychex, Inc.","Paychex, Inc.",paychex,Paychex,Paychex
PBCT,"People's United Financial, Inc.","People's United Financial, Inc.",peoples,People's United Financial,People's
PCAR,"PACCAR, Inc.",PACCAR Inc,paccar,PACCAR,PACCAR
PEG,"Public Service Enterprise Group, Inc.",Public Service Enterprise Group Inc,pseg,Public Service Enterprise Group,Public
PEP,"PepsiCo, Inc.","PepsiCo, Inc.",pepsico,PepsiCo,PepsiCo
PFE,Pfizer Inc.,Pfizer Inc.,pfizer,,
PFG,"Principal Financial Group, Inc.","Principal Financial Group, Inc.",principal,Principal Financial Group,Principal
PG,Procter & Gamble Co.,Procter & Gamble Company,pg,Procter & Gamble,Procter
PGR,Progressive Corp.,Progressive Corporation,progressive,Progressive,Progressive
PH,Parker-Hannifin Corp.,Parker-Hannifin Corporation,parker,Parker-Hannifin,Parker-Hannifin
PHM,"PulteGroup, Inc.","PulteGroup, Inc.",pultegroupinc,PulteGroup,PulteGroup
PKG,Packaging Corporation of America,Packaging Corporation of America,packagingcorp,Packaging Corporation of,Packaging
PKI,"PerkinElmer, Inc. (United States)","PerkinElmer, Inc.",perkinelmer,PerkinElmer,PerkinElmer
PLD,"Prologis, Inc.","Prologis, Inc.",prologis,Prologis,Prologis
PM,"Philip Morris International, Inc.",Philip Morris International Inc.,pmi,Philip Morris International,Philip
PNC,"The PNC Financial Services Group, Inc.","PNC Financial Services Group, Inc.",pnc,PNC Financial Services Group,PNC
PNR,Pentair Plc,Pentair plc,pentair,Pentair,Pentair
PNW,Pinnacle West Capital Corp.,Pinnacle West Capital Corporation,pinnaclewest,Pinnacle West Capital,Pinnacle
PPG,"PPG Industries, Inc.","PPG Industries, Inc.",ppg,PPG Industries,PPG
PPL,PPL Corp.,PPL Corporation,pplweb,PPL,PPL
PRGO,Perrigo Co. Plc,Perrigo Co. Plc,perrigo,Perrigo,Perrigo
PRU,"Prudential Financial, Inc.","Prudential Financial, Inc.",prudential,Prudential Financial,Prudential
PSA,Public Storage,Public Storage,publicstorage,Public Storage,Public
PSX,Phillips 66,Phillips 66,phillips66,Phillips 66,Phillips
PVH,PVH Corp.,PVH Corp.,pvh,PVH,PVH
PWR,"Quanta Services, Inc.","Quanta Services, Inc.",quantaservices,Quanta Services,Quanta
PXD,Pioneer Natural Resources Co.,Pioneer Natural Resources Company,pxd,Pioneer Natural Resources,Pioneer
PYPL,"PayPal Holdings, Inc.",PayPal Holdings Inc,paypal,PayPal Holdings,PayPal
QCOM,"QUALCOMM, Inc.",QUALCOMM Incorporated,qualcomm,QUALCOMM,QUALCOMM
QRVO,"Qorvo, Inc.","Qorvo, Inc.",qorvo,Qorvo,Qorvo
RCL,Royal Caribbean Cruises Ltd.,Royal Caribbean Cruises Ltd.,rclcorporate,Royal Caribbean Cruises,Royal
RE,Everest Re Group Ltd.,"Everest Re Group, Ltd.",everestre,Everest Re Group,Everest
REG,Regency Centers Corp.,Regency Centers Corporation,regencycenters,Regency Centers,Regency
REGN,"Regeneron Pharmaceuticals, Inc.","Regeneron Pharmaceuticals, Inc.",regeneron,Regeneron Pharmaceuticals,Regeneron
RF,Regions Financial Corp.,Regions Financial Corporation,regions,Regions Financial,Regions
RHI,"Robert Half International, Inc.",Robert Half International Inc.,roberthalf,Robert Half International,Robert
RJF,"Raymond James Financial, Inc.","Raymond James Financial, Inc.",raymondjames,Raymond James Financial,Raymond
RL,Ralph Lauren Corp.,Ralph Lauren Corporation Class A,ralphlauren,Ralph Lauren,Ralph
RMD,"ResMed, Inc.",ResMed Inc.,resmed,ResMed,ResMed
ROK,"Rockwell Automation, Inc.","Rockwell Automation, Inc.",rockwellautomation,Rockwell Automation,Rockwell
ROL,"Rollins, Inc.","Rollins, Inc.",rollins,Rollins,Rollins
ROP,"Roper Technologies, Inc.","Roper Technologies, Inc.",ropertech,Roper Technologies,Roper
ROST,"Ross Stores, Inc.","Ross Stores, Inc.",rossstores,Ross Stores,Ross
RSG,"Republic Services, Inc.","Republic Services, Inc.",republicservices,Republic Services,Republic
RTN,Raytheon Co.,Raytheon Company,raytheon,Raytheon,Raytheon
SBAC,SBA Communications Corp.,SBA Communications Corp. Class A,sbasite,SBA Communications,SBA
SBUX,Starbucks Corp.,Starbucks Corporation,starbucks,Starbucks,Starbucks
SCHW,The Charles Schwab Corp.,Charles Schwab Corporation,aboutschwab,Charles Schwab,Charles
SEE,Sealed Air Corp.,Sealed Air Corporation,sealedair,Sealed Air,Sealed
SHW,The Sherwin-Williams Co.,Sherwin-Williams Company,sherwin-williams,Sherwin-Williams,Sherwin-Williams
SIVB,SVB Financial Group,SVB Financial Group,svb,SVB Financial Group,SVB
SJM,The J. M. Smucker Co.,J.M. Smucker Company,jmsmucker,J. M. Smucker,J.
SLB,Schlumberger NV,Schlumberger NV,slb,Schlumberger NV,Schlumberger
SLG,SL Green Realty Corp.,SL Green Realty Corp.,slgreen,SL Green Realty,SL
SNA,"Snap-On, Inc.",Snap-on Incorporated,snapon,Snap-On,Snap-On
SNPS,"Synopsys, Inc.","Synopsys, Inc.",synopsys,Synopsys,Synopsys
SO,The Southern Co.,Southern Company,southerncompany,Southern,Southern
SPG,"Simon Property Group, Inc.","Simon Property Group, Inc.",simon,Simon Property Group,Simon
SPGI,"S&P Global, Inc.","S&P Global, Inc.",spglobal,S&P Global,S&P
SRE,Sempra Energy,Sempra Energy,sempra,Sempra Energy,Sempra
STI,"SunTrust Banks, Inc.","SunTrust Banks, Inc.",suntrust,SunTrust Banks,SunTrust
STT,State Street Corp.,State Street Corporation,statestreet,State Street,State
STX,Seagate Technology Plc,Seagate Technology PLC,seagate,Seagate Technology,Seagate
STZ,"Constellation Brands, Inc.","Constellation Brands, Inc. Class A",cbrands,Constellation Brands,Constellation
SWK,"Stanley Black & Decker, Inc.","Stanley Black & Decker, Inc.",stanleyblackanddecker,Stanley Black & Decker,Stanley
SWKS,"Skyworks Solutions, Inc.","Skyworks Solutions, Inc.",skyworksinc,Skyworks Solutions,Skyworks
SYF,Synchrony Financial,Synchrony Financial,synchronyfinancial,Synchrony Financial,Synchrony
SYK,Stryker Corp.,Stryker Corporation,stryker,Stryker,Stryker
SYMC,Symantec Corp.,Symantec Corporation,symantec,Symantec,Symantec
SYY,Sysco Corp.,Sysco Corporation,sysco,Sysco,Sysco
T,"AT&T, Inc.",AT&T Inc.,att,AT&T,AT&T
TAP,Molson Coors Brewing Co.,Molson Coors Brewing Company Class B,molsoncoors,Molson Coors Brewing,Molson
TDG,"TransDigm Group, Inc.",TransDigm Group Incorporated,transdigm,TransDigm Group,TransDigm
TEL,TE Connectivity Ltd.,TE Connectivity Ltd.,teconnectivity,TE Connectivity,TE
TFX,"Teleflex, Inc.",Teleflex Incorporated,teleflex,Teleflex,Teleflex
TGT,Target Corp.,Target Corporation,target,Target,Target
TIF,Tiffany & Co.,Tiffany & Co.,tiffany,Tiffany,Tiffany
TJX,"The TJX Cos., Inc.",TJX Companies Inc,tjx,TJX Cos.,TJX
TMO,"Thermo Fisher Scientific, Inc.",Thermo Fisher Scientific Inc.,thermofisher,Thermo Fisher Scientific,Thermo
TMUS,"T-Mobile US, Inc.","T-Mobile US, Inc.",t-mobile,T-Mobile US,T-Mobile
TPR,"Tapestry, Inc.","Tapestry, Inc.",tapestry,Tapestry,Tapestry
TRIP,"TripAdvisor, Inc.","TripAdvisor, Inc.",tripadvisor,TripAdvisor,TripAdvisor
TROW,"T. Rowe Price Group, Inc.",T. Rowe Price Group,troweprice,T. Rowe Price Group,T.
TRV,"The Travelers Cos., Inc.","Travelers Companies, Inc.",travelers,Travelers Cos.,Travelers
TSCO,Tractor Supply Co.,Tractor Supply Company,tractorsupply,Tractor Supply,Tractor
TSN,"Tyson Foods, Inc.","Tyson Foods, Inc. Class A",tysonfoods,Tyson Foods,Tyson
TSS,"Total System Services, Inc.","Total System Services, Inc.",tsys,Total System Services,Total
TTWO,"Take-Two Interactive Software, Inc.","Take-Two Interactive Software, Inc.",take2games,Take-Two Interactive Software,Take-Two
TWTR,"Twitter, Inc.","Twitter, Inc.",twitter,Twitter,Twitter
TXN,Texas Instruments Incorporated,Texas Instruments Incorporated,ti,,
TXT,"Textron, Inc.",Textron Inc.,textron,Textron,Textron
UA,"Under Armour, Inc.","Under Armour, Inc. Class C",underarmour,Under Armour,Under
UAA,"Under Armour, Inc.","Under Armour, Inc. Class A",underarmour,Under Armour,Under
UAL,"United Airlines Holdings, Inc.","United Airlines Holdings, Inc.",unitedcontinentalholdings,United Airlines Holdings,United
UDR,"UDR, Inc.","UDR, Inc.",udr,UDR,UDR
UHS,"Universal Health Services, Inc.","Universal Health Services, Inc. Class B",uhsinc,Universal Health Services,Universal
ULTA,"Ulta Beauty, Inc.",Ulta Beauty Inc,ulta,Ulta Beauty,Ulta
UNH,"UnitedHealth Group, Inc.",UnitedHealth Group Incorporated,unitedhealthgroup,UnitedHealth Group,UnitedHealth
UNM,Unum Group,Unum Group,co,Unum Group,Unum
UNP,Union Pacific Corp.,Union Pacific Corporation,up,Union Pacific,Union
UPS,"United Parcel Service, Inc.","United Parcel Service, Inc. Class B",ups,United Parcel Service,United
URI,"United Rentals, Inc.","United Rentals, Inc.",unitedrentals,United Rentals,United
USB,U.S. Bancorp,U.S. Bancorp,usbank,U.S. Bancorp,U.S.
UTX,United Technologies Corp.,United Technologies Corporation,utc,United Technologies,United
V,"Visa, Inc.",Visa Inc. Class A,visa,Visa,Visa
VAR,"Varian Medical Systems, Inc.","Varian Medical Systems, Inc.",varian,Varian Medical Systems,Varian
VFC,VF Corp.,V.F. Corporation,vfc,VF,VF
VIAB,"Viacom, Inc.",Viacom Inc. Class B,viacom,Viacom,Viacom
VLO,Valero Energy Corp.,Valero Energy Corporation,valero,Valero Energy,Valero
VMC,Vulcan Materials Co.,Vulcan Materials Company,vulcanmaterials,Vulcan Materials,Vulcan
VNO,Vornado Realty Trust,Vornado Realty Trust,vno,Vornado Realty Trust,Vornado
VRSK,"Verisk Analytics, Inc.",Verisk Analytics Inc,verisk,Verisk Analytics,Verisk
VRSN,"VeriSign, Inc.","VeriSign, Inc.",verisigninc,VeriSign,VeriSign
VRTX,"Vertex Pharmaceuticals, Inc.",Vertex Pharmaceuticals Incorporated,vrtx,Vertex Pharmaceuticals,Vertex
VTR,"Ventas, Inc.","Ventas, Inc.",ventasreit,Ventas,Ventas
VZ,"Verizon Communications, Inc.",Verizon Communications Inc.,verizon,Verizon Communications,Verizon
WAB,Westinghouse Air Brake Technologies Corp.,Westinghouse Air Brake Technologies Corporation,wabtec,Westinghouse Air Brake Technologies,Westinghouse
WAT,Waters Corp.,Waters Corporation,waters,Waters,Waters
WBA,"Walgreens Boots Alliance, Inc.",Walgreens Boots Alliance Inc,walgreensbootsalliance,Walgreens Boots Alliance,Walgreens
WCG,"WellCare Health Plans, Inc.","WellCare Health Plans, Inc.",wellcare,WellCare Health Plans,WellCare
WDC,Western Digital Corp.,Western Digital Corporation,wdc,Western Digital,Western
WEC,"WEC Energy Group, Inc.",WEC Energy Group Inc,wecenergygroup,WEC Energy Group,WEC
WELL,"Welltower, Inc.","Welltower, Inc.",welltower,Welltower,Welltower
WFC,Wells Fargo & Co.,Wells Fargo & Company,wellsfargo,Wells Fargo,Wells
WHR,Whirlpool Corp.,Whirlpool Corporation,whirlpoolcorp,Whirlpool,Whirlpool
WLTW,Willis Towers Watson Plc,Willis Towers Watson Public Limited Company,willistowerswatson,Willis Towers Watson,Willis
WM,"Waste Management, Inc.","Waste Management, Inc.",wm,Waste Management,Waste
WMB,"The Williams Cos., Inc.","Williams Companies, Inc.",williams,Williams Cos.,Williams
WMT,"Walmart, Inc.",Walmart Inc.,walmart,Walmart,Walmart
WRK,WestRock Co.,WestRock Company,westrock,WestRock,WestRock
WU,The Western Union Co.,Western Union Company,westernunion,Western Union,Western
WY,Weyerhaeuser Co.,Weyerhaeuser Company,weyerhaeuser,Weyerhaeuser,Weyerhaeuser
WYNN,Wynn Resorts Ltd.,"Wynn Resorts, Limited",wynnresorts,Wynn Resorts,Wynn
XEC,Cimarex Energy Co.,Cimarex Energy Co.,cimarex,Cimarex Energy,Cimarex
XEL,"Xcel Energy, Inc.",Xcel Energy Inc.,xcelenergy,Xcel Energy,Xcel
XLNX,"Xilinx, Inc.","Xilinx, Inc.",xilinx,Xilinx,Xilinx
XOM,Exxon Mobil Corp.,Exxon Mobil Corporation,exxonmobil,Exxon Mobil,Exxon
XRAY,"Dentsply Sirona, Inc.","DENTSPLY SIRONA, Inc.",dentsplysirona,Dentsply Sirona,Dentsply
XRX,Xerox Holdings Corp.,Xerox Holdings Corporation,xerox,Xerox Holdings,Xerox
XYL,"Xylem, Inc.",Xylem Inc.,xyleminc,Xylem,Xylem
YUM,"Yum! Brands, Inc.","Yum! Brands, Inc.",yum,Yum! Brands,Yum!
ZBH,"Zimmer Biomet Holdings, Inc.","Zimmer Biomet Holdings, Inc.",zimmerbiomet,Zimmer Biomet Holdings,Zimmer
ZION,Zions Bancorporation NA,"Zions Bancorporation, N.A.",zionsbancorporation,Zions Bancorporation NA,Zions
ZTS,"Zoetis, Inc.","Zoetis, Inc. Class A",zoetis,Zoetis,Zoetis
